{
  "dependencies": {
    "react": "^16.3.1",
    "react-dom": "^16.3.1",
    "react-router-dom": "^4.2.2",
    "redux": "^3.7.2"
  },
  "devDependencies": {
    "babel-cli": "^6.26.0",
    "babel-core": "^6.26.0",
    "babel-eslint": "^8.0.2",
    "babel-jest": "^21.2.0",
    "babel-loader": "^7.1.2",
    "babel-plugin-transform-decorators-legacy": "^1.3.4",
    "babel-preset-env": "^1.6.1",
    "babel-preset-react": "^6.24.1",
    "babel-preset-stage-2": "^6.24.1",
    "css-loader": "^0.28.7",
    "eslint-config-google": "^0.9.1",
    "eslint-plugin-react": "^7.5.1",
    "extract-text-webpack-plugin": "^3.0.2",
    "file-loader": "^1.1.5",
    "node-sass": "^4.6.0",
    "sass-loader": "^6.0.6",
    "style-loader": "^0.19.0",
    "webpack": "^3.8.1",
    "webpack-merge": "^4.1.1"
  },
}
